{
    "BGColor": [
        0.09803921729326248,
        0.09803921729326248,
        0.09803921729326248,
        0.8980392217636108
    ],
    "BorderSize": 2.0,
    "FrameRounding": 5.0,
    "ItemSpacing": 4.0,
    "NPCESPColor": [
        0.0,
        0.9215686321258545,
        1.0,
        1.0
    ],
    "PlayerESPColor": [
        1.0,
        1.0,
        1.0,
        1.0
    ],
    "TextColor": [
        1.0,
        1.0,
        1.0,
        0.9803921580314636
    ],
    "UIBGColor": [
        0.1568627506494522,
        0.1568627506494522,
        0.1568627506494522,
        0.5882353186607361
    ],
    "UIColor": [
        0.45098039507865906,
        0.0,
        0.15916970372200012,
        1.0
    ],
    "WindowBorderSize": 2.0,
    "WindowPadding": 8.0
}