{
    "level": "SunsetEnd2",
    "x": 314.7341613769531,
    "y": 124.01561737060547,
    "z": -761.9724731445313
}